missing_count,present_count,missing_rate,funding_ratio,p_value
9347,18527,0.3353304154409127,2.862960939891761,7.80948445922901e-47
